iter	AUC	Logloss
0	0.9024794698	0.5513717158
500	0.9769290686	0.04158264651
999	0.9825804234	0.03581617533
